R_ID,MRL_QS,MRL_FN,ASTRAL_QS,ASTRAL_FN,QFM_QS,QFM_FN
1,45039889,0.0,45039889,0.0,45039889,0.0
2,45176744,0.029411764705882353,45176922,0.0,45176922,0.0
3,45028671,0.0,45028671,0.0,45028671,0.0
4,45102009,0.029411764705882353,45104132,0.029411764705882353,45103822,0.0
5,44985019,0.0,44985019,0.0,44985019,0.0
6,45193864,0.029411764705882353,45193864,0.029411764705882353,45193864,0.029411764705882353
7,45015625,0.029411764705882353,45028725,0.0,45028725,0.0
8,44962790,0.029411764705882353,44966923,0.0,44966923,0.0
9,45017281,0.0,45017281,0.0,45017281,0.0
10,45079059,0.058823529411764705,45098486,0.029411764705882353,45098486,0.029411764705882353
11,45248233,0.029411764705882353,45250347,0.0,45250347,0.0
12,44898586,0.0,44898586,0.0,44898586,0.0
13,45095290,0.029411764705882353,45098852,0.0,45098852,0.0
14,45073971,0.0,45073971,0.0,45073971,0.0
15,45109259,0.0,45109259,0.0,45109259,0.0
16,45337956,0.058823529411764705,45342669,0.029411764705882353,45341615,0.0
17,45325331,0.029411764705882353,45328959,0.0,45328959,0.0
18,45099484,0.0,45099484,0.0,45099484,0.0
19,45112384,0.0,45112384,0.0,45112384,0.0
20,44981215,0.0,44983066,0.029411764705882353,44981215,0.0
